[{"0":"","1":"0\n7:30\n7:50","2":"1.\n7:50\n8:35","3":"2.\n8:35\n9:20","4":"SNACK BREAK\n9:20\n9:40","5":"3.\n9:40\n10:25","6":"4.\n10:25\n11:10","7":"5.\n11:10\n11:55","8":"LUNCH BREAK\n11:55\n12:35","9":"6.\n12:35\n13:20","10":"7.\n13:20\n14:05","11":"8\n14:05\n14:50","12":"9\n14:50\n15:35"},{"0":"Monday","1":"FORM\nMEETING\nREGISTRAT\nION","2":"MATH EXT1\nEAA\nMR2","3":"","4":"SNACK BREAK","5":"ICT-ATL5\nSK \/ JA\nMLR1","6":"","7":"ECONS1\nPK\nHR1","8":"LUNCH BREAK","9":"DGN1\nED\nER1","10":"","11":"BIO3\nMD\nBL","12":"GUIDANCE\nAND\nCOUNSELLI\nNG\nREN \/ BAA \/\nKA"},{"0":"Tuesday","1":"FORM\nMEETING\/\nREGISTRAT\nION","2":"","3":"","4":"","5":"FRE2\nEG\nAVR2","6":"ECONS1\nPK\nHR1","7":"","8":"","9":"MATH EXT1\nEAA\nMR2","10":"CHEM3\nVE\nCL","11":"","12":"CLUBS"},{"0":"Wednesday","1":"FORM\nMEETING\/\nREGISTRAT\nION","2":"VA1\nDA\nAR","3":"","4":"","5":"","6":"","7":"","8":"","9":"","10":"","11":"DGN1\nED\nER3","12":""},{"0":"Thursday","1":"FORM\nMEETING\/\nREGISTRAT\nION","2":"ENG L\/LIT1\nIS\nER3","3":"","4":"","5":"MATH STD1\nMC\nMR2","6":"VA1\nDA\nAR","7":"","8":"","9":"FRE2\nEG\nAVR1","10":"","11":"","12":"SA\nER1"},{"0":"Friday","1":"FORM\nMEETING\/\nREGISTRAT\nION","2":"MATH STD1\nMC\nMR3","3":"","4":"","5":"RS1\nLEK \/ AA\nMR4","6":"","7":"CHEM3\nVE\nPL","8":"","9":"ENG L\/LIT1\nIS\nER3","10":"BIO3\nMD\nBL","11":"","12":"ASSEMBLY"}]