[{"0":"","1":"7:3 \n7:5","2":"1 \n7:5 \n8:4","3":"2 \n8:4 \n9:3","4":"SNACK BREAK \n9:3 \n9:45","5":"3 \n9:45 \n1:35","6":"4 \n1:35 \n11:25","7":"5 \n11:25 \n12:15","8":"LUNCH BREAK \n12:15 \n12:55","9":"6 \n12:55 \n13:45","10":"7 \n13:45 \n14:35","11":"8 \n14:4 \n15:3"},{"0":"Monday","1":"FORM \nMEETING\/ \nREGISTRATI \nON","2":"CA \n \n \n \nMATH EXT1 \n \n \nMR3","3":"","4":"SNACK BREAK","5":"AK \n \n \n \nFRE3 \n \n \nAVR1","6":"","7":"","8":"LUNCH BREAK","9":"PHY2 \nTO \nPL","10":"","11":""},{"0":"Tuesday","1":"FORM \nMEETING\/ \nREGISTRATI \nON","2":"TO \n \n \n \nPHY2 \n \n \nPL","3":"","4":"","5":"ENG L\/LIT2 \nDS \nER1","6":"JA \n \n \n \nICT3 \n \n \nAVR1","7":"","8":"","9":"CHEM1 \nVE","10":"GEO1 \nCL  GGH \nHR1  AA","11":"DGN SUP1 \nMR3"},{"0":"Wednesday","1":"FORM \nMEETING \nREGISTRATI \nON","2":"MC \n \n \n \nMATH STD3 \n \n \nMR2","3":"","4":"","5":"NAA \n \n \n \nMUS2 \n \n \nMUS R","6":"","7":"MATH EXT1 \nCA \nMR3","8":"","9":"","10":"","11":"VA1 \nDA \nAR"},{"0":"Thursday","1":"FORM \nMEETING \nREGISTRATI \nON","2":"","3":"","4":"","5":"MATH STD3 \nMC","6":"MUS2 \nMR2  NAA \nMUS R","7":"TS4 \nJA \/ MT  AVR2","8":"","9":"TS4 \nJA \/ MT  AVR2","10":"DA \n \n \n \nVA1 \n \n \nAR","11":""},{"0":"Friday","1":"7:15 - 8: \n \nASSEMBLY","2":"DS \n \n \n \nENG L\/LIT2 \n \n \n \nER1","3":"","4":"","5":"9:55 - 1:45 \n \nFRE3 \n \nAK \nAVR1","6":"GGH  \n \n \n \nGEO1 \n \n \n \nHR1","7":"","8":"","9":"C\n \n \nVE \n \n \nHEM1 \n \n \n \nCL","10":"","11":"14:5 - 15:4 \n \nDGN SUP1 \n \nJA \nER4"}]