[{"0":"","1":"0\n7:30\n7:50","2":"1.\n7:50\n8:35","3":"2.\n8:35\n9:20","4":"SNACK BREAK\n9:20\n9:40","5":"3.\n9:40\n10:25","6":"4.\n10:25\n11:10","7":"5.\n11:10\n11:55","8":"LUNCH BREAK\n11:55\n12:35","9":"6.\n12:35\n13:20","10":"7.\n13:20\n14:05","11":"8\n14:05\n14:50","12":"9\n14:50\n15:35"},{"0":"Monday","1":"FORM\nMEETING\/\nREGISTRAT\nION","2":"CS SUP1\nED\nITL1","3":"","4":"SNACK BREAK","5":"MAA SL1\nJB\nMR4","6":"","7":"ENG A L\/LIT\nSL1\nDS\nER1","8":"LUNCH BREAK","9":"PHY HL\/SL2\nTO\nPL","10":"","11":"TOK1\nJA\nER1","12":"EXTENDED\nESSAY\/\nPERSONAL\nPROJECT\nMNH"},{"0":"Tuesday","1":"FORM\nMEETING\/\nREGISTRAT\nION","2":"GEOG HL2\nMT\nHR3","3":"","4":"","5":"","6":"PHY HL2\nTO\nPL","7":"","8":"","9":"FRE B HL\/SL1\nGA\nMLR2","10":"","11":"","12":"GUIDANCE\nAND\nCOUNSELLI\nNG\nKA\nMNH\nCLUBS"},{"0":"Wednesday","1":"FORM\nMEETING\/\nREGISTRAT\nION","2":"CS HL1\nKAD\nITL1","3":"","4":"","5":"MAA SL1\nJB\nMR4","6":"TOK1\nJA\nMLR3","7":"","8":"","9":"","10":"","11":"PHY HL\/SL2\nTO\nPL","12":""},{"0":"Thursday","1":"FORM\nMEETING\/\nREGISTRAT\nION","2":"","3":"","4":"","5":"FRE B HL\/\nSL1\nGA\nMLR2","6":"CS HL1\nKAD\nITL1","7":"","8":"","9":"RS4\nLEK\nMR4","10":"","11":"GEOG HL2\nMT\nHR3","12":"CAS\nAVR1"},{"0":"Friday","1":"FORM\nMEETING\/\nREGISTRAT\nION","2":"GEOG HL2\nMT\nHR3","3":"","4":"","5":"","6":"","7":"","8":"","9":"CS HL1\nKAD\nHR2","10":"ENG A L\/LIT SL1\nDS\nER1","11":"","12":"ASSEMBLY"}]