[{"0":".","1":"0 \n7:30 \n7:50","2":"1. \n7:50 \n8:40","3":"2. \n8:40 \n9:30","4":"SNACK BREAK \n9:30 \n9:45","5":"3. \n9:45 \n10:35","6":"4. \n10:35 \n11:25","7":"5. \n11:25 \n12:15","8":"LUNCH BREAK \n12:15 \n12:55","9":"6. \n12:55 \n13:45","10":"7. \n13:45 \n14:35","11":"8 \n14:40 \n15:30"},{"0":". \n \nMonday \n.","1":". \nFORM \nMEETING\/ \nREGISTRATI \nON \n.","2":". \n. \nCA \n. \n. \n \nMATH EXT1 \n. \n. \nMR3","3":"","4":"SNACK BREAK","5":". \n. \nAK \n. \n. \n \nFRE3 \n. \n. \nAVR1","6":"","7":".","8":"LUNCH BREAK","9":". \n \nPHY2 \nTO \nPL","10":".","11":"."},{"0":". \n \nTuesday \n.","1":". \nFORM \nMEETING\/ \nREGISTRATI \nON \n.","2":". \n. \nTO \n. \n. \n \nPHY2 \n. \n. \nPL","3":"","4":"","5":". \n \nENG L\/LIT2 \nDS \nER1","6":". \n. \nJA \n. \n. \n \nICT3 \n. \n. \nAVR1","7":"","8":"","9":". \n \nCHEM1 \nVE","10":". \n \nGEO1 \nCL  GGH \nHR1  AA","11":". \n \nDGN SUP1 \nMR3"},{"0":". \n \nWednesday \n.","1":". \nFORM \nMEETING \nREGISTRATI \nON \n.","2":". \n. \nMC \n. \n. \n \nMATH STD3 \n. \n. \nMR2","3":"","4":"","5":". \n. \nNAA \n. \n. \n \nMUS2 \n. \n. \nMUS R","6":"","7":". \n \nMATH EXT1 \nCA \nMR3","8":"","9":".","10":".","11":". \n. \n. \n \nVA1 \nDA \nAR"},{"0":". \n \nThursday \n.","1":". \nFORM \nMEETING \nREGISTRATI \nON \n.","2":".","3":".","4":"","5":". \n \nMATH STD3 \nMC","6":". \n \nMUS2 \nMR2  NAA \nMUS R","7":". \n \nTS4 \nJA \/ MT  AVR2","8":"","9":". \n \nTS4 \nJA \/ MT  AVR2","10":". \n. \nDA \n. \n. \n \nVA1 \n. \n. \nAR","11":""},{"0":". \nFriday \n.","1":"7:15 - 8:00 \n \nASSEMBLY \n.","2":". \n. \nDS \n. \n. \n \nENG L\/LIT2 \n. \n. \n \nER1","3":"","4":"","5":"9:55 - 10:45 \n \nFRE3 \n \nAK \nAVR1","6":". \nGGH . \n. \n. \n \nGEO1 \n. \n. \n \nHR1","7":"","8":"","9":"C\n. \n. \nVE \n. \n. \nHEM1 \n. \n. \n \nCL","10":"","11":"14:50 - 15:40 \n \nDGN SUP1 \n \nJA \nER4"}]