[{"0":".","1":"0 \n7:30 \n7:50","2":"1. \n7:50 \n8:35","3":"2. \n8:35 \n9:20","4":"SNACK BREAK \n9:20 \n9:40","5":"3. \n9:40 \n10:25","6":"4. \n10:25 \n11:10","7":"5. \n11:10 \n11:55","8":"LUNCH BREAK \n11:55 \n12:35","9":"6. \n12:35 \n13:20","10":"7. \n13:20 \n14:05","11":"8 \n14:05 \n14:50","12":"9 \n14:50 \n15:35"},{"0":". \nMonday \n. \n.","1":"FORM \nMEETING \nREGISTRAT \nION \n.","2":". \nENG B HL1 \n. \nER2 \nCG \/ LEK","3":"","4":"SNACK BREAK","5":". \n. \n. \nMAA SL2 \n. \n. \nEAA \nMR2","6":"","7":". \nAMH A1 SL1 \n. \nSK \nMLR1","8":"LUNCH BREAK","9":".","10":".","11":". \nTOK2 \n. \nER3 \nAA","12":"EXTENDED \nESSAY \nPERSONAL \nPROJECT \nMNH"},{"0":". \nTuesday \n. \n.","1":"FORM \nMEETING \nREGISTRAT \nION \n.","2":".","3":".","4":"","5":".","6":".","7":".","8":"","9":". \n. \nENG B HL1 \n. \nCG \/ LEK \nAVR1","10":"","11":".","12":". \nCLUBS \n. \n."},{"0":". \nWednesday \n. \n.","1":"FORM \nMEETING \nREGISTRAT \nION \n.","2":". \nCHEM HL2 \n. \n. \nCL \nKB","3":"","4":"","5":". \nMAA SL2 \n. \n. \nMR2 \nEAA","6":". \n. \n. \nTOK2 \n. \n. \n. \n. \nER2 \nAA","7":"","8":"","9":".","10":".","11":". \nBIO HL2 \n. \n. \nHAM GenLab  KA","12":"GUIDANCE \nAND \nCOUNSELLI \nNG \nREN \/ BAA \nMNH"},{"0":". \nThursday \n. \n.","1":"FORM \nMEETING\/ \nREGISTRAT \nION \n.","2":". \nBIO HL2 \n. \nGenLab \nHAM","3":"","4":"","5":". \nENG B HL1 \n. \nCG \/ LEKER1  KB","6":". \n. \n. \nCHEM HL2 \n. \n. \nCL","7":"","8":"","9":". \n. \nRS4 \n. \nLEK \nMR4","10":"","11":". \nECONS SL1 \n. \nHR1 \nPK","12":". \nCAS \n. \nAVR1"},{"0":". \nFriday \n. \n.","1":"FORM \nMEETING \nREGISTRAT \nION \n.","2":". \nECONS SL1 \n. \nHR1 \nPK","3":"","4":"","5":".","6":". \n. \n. \nBIO HL2 \n. \n. \nHAM \nBL","7":"","8":"","9":". \nCHEM HL2 \n. \nCL \nKB","10":". \n. \nAMH A1 SL1 \n. \nSK \nMLR1","11":"","12":". \nASSEMBLY \n. \n."}]